tipo,ordem,fc,fase_zero,rmse
cheby2,3,2300,True,0.3207047371617048
butter,3,1100,True,0.3210178424380247
butter,3,1000,True,0.32202909238396576
butter,4,1000,True,0.3221342441526491
cheby2,3,2400,True,0.3224323306197979
cheby2,2,3200,True,0.3240753648271642
cheby2,3,2200,True,0.32417635839465053
cheby2,4,1800,True,0.3242792010281586
butter,4,1100,True,0.32431403784953355
cheby2,4,1700,True,0.32441925149059503
butter,2,1200,True,0.32459062288920565
butter,5,1000,True,0.324687157191183
butter,2,1100,True,0.32500305605821234
butter,3,1200,True,0.32583711753131844
cheby2,4,1900,True,0.3267736247392708
butter,6,1000,True,0.32735983869000046
cheby2,3,2500,True,0.32757086865777035
butter,5,900,True,0.3277873194760082
butter,6,900,True,0.3278376439978383
butter,5,1100,True,0.32786139855532154
cheby2,5,1400,True,0.32787052239151243
butter,7,900,True,0.3284940885997001
cheby2,5,1500,True,0.32854012624417556
butter,8,900,True,0.32928536761685173
butter,2,1300,True,0.3293764174465431
butter,4,900,True,0.32964251677756656
cheby2,2,3100,True,0.3297127425975351
butter,7,1000,True,0.3297222844474332
butter,4,1200,True,0.32987072617066876
cheby2,6,1200,True,0.33058293585022386
cheby2,4,1600,True,0.3306880793189034
butter,6,1100,True,0.33085604429035864
cheby2,5,1600,True,0.3309262992790144
cheby2,4,2000,True,0.3309954013106738
cheby2,6,1300,True,0.3313235112910607
cheby2,7,1100,True,0.33158071584209264
butter,8,1000,True,0.33167257390856875
butter,5,1200,True,0.33316540752265256
butter,7,1100,True,0.33324298251421214
butter,3,1300,True,0.33344799885155857
cheby2,7,1200,True,0.3337434664324215
cheby2,8,1100,True,0.33387870002114234
cheby2,6,1400,True,0.3340907150603821
cheby2,8,1000,True,0.3342050508658667
cheby2,5,1700,True,0.3342086458282962
cheby2,2,3300,True,0.33438255889728935
cheby2,5,1300,True,0.33477919429336983
butter,2,1000,True,0.3350038950059074
butter,8,1100,True,0.3351969459371615
cheby2,3,2600,True,0.33543533206810755
butter,6,1200,True,0.3356495480987079
cheby2,3,2100,True,0.33636577551955804
cheby2,6,1500,True,0.336614618619012
cheby2,4,2100,True,0.33687343772351525
butter,2,1400,True,0.33698655310952774
cheby2,7,1300,True,0.33733620695276406
butter,3,900,True,0.3374455726575229
butter,4,1300,True,0.3374556134681819
butter,7,1200,True,0.33754265363133007
cheby2,8,1200,True,0.3384197613049011
cheby2,5,1800,True,0.3387334952383229
butter,8,1200,True,0.3390049389297162
cheby2,7,1400,True,0.33951824403618397
cheby2,6,1600,True,0.33985104401835753
butter,5,1300,True,0.3402206343285506
cheby2,8,1300,True,0.341232799217924
cheby2,7,1500,True,0.34213445825049416
butter,6,1300,True,0.3421408503209552
butter,3,1400,True,0.34272941130753937
cheby2,8,1400,True,0.34273721007740987
butter,7,1300,True,0.34356972980521855
cheby2,4,2200,True,0.34457028615066565
butter,8,1300,True,0.34468148150315175
cheby2,6,1700,True,0.3446984668870243
cheby2,5,1900,True,0.34492338591740634
cheby2,3,2700,True,0.34587656628011665
butter,2,1500,True,0.3461662181733568
cheby2,8,1500,True,0.3465055985363251
cheby2,7,1600,True,0.34663384997834623
butter,4,1400,True,0.3467144434012977
butter,5,1400,True,0.34915313864800324
cheby2,6,1100,True,0.3496899562251431
butter,6,1400,True,0.35074718467864574
cheby2,6,1800,True,0.3516460418101666
butter,8,800,True,0.3517209836886888
butter,7,1400,True,0.35185777764956044
cheby2,8,1600,True,0.3519335329330461
cheby2,4,1500,True,0.35226428244334346
butter,8,1400,True,0.3526772721159946
butter,3,1500,True,0.3531244279805277
cheby2,7,1700,True,0.35319418964115173
cheby2,5,2000,True,0.35334677186924246
butter,7,800,True,0.35337634498493026
cheby2,4,2300,True,0.3543088496642533
cheby2,2,3000,True,0.3555514703116854
butter,2,1600,True,0.3562364955165893
butter,6,800,True,0.35624769413178636
butter,4,1500,True,0.3573950161174742
cheby2,3,2800,True,0.3588461428630843
butter,5,1500,True,0.3600151646815468
cheby1,1,600,True,0.3601969500576557
ellip,1,600,True,0.36019695005765634
cheby2,7,1000,True,0.360361039409101
butter,1,1500,True,0.3603947675938341
butter,1,1600,True,0.3606626486617353
cheby2,8,1700,True,0.3608654191201586
butter,5,800,True,0.36131998529244835
butter,6,1500,True,0.3617682233193087
cheby2,6,1900,True,0.3617717542769882
butter,2,900,True,0.3619316135553833
cheby2,3,2000,True,0.3625040134042047
butter,7,1500,True,0.3630124862712338
butter,1,1700,True,0.36350315851084486
cheby2,7,1800,True,0.36362586026476573
butter,1,1400,True,0.3636314085518363
butter,8,1500,True,0.36393981644160606
ellip,1,700,True,0.36398669152086627
cheby1,1,700,True,0.36398669152086655
butter,3,1600,True,0.36420873258154446
cheby2,5,2100,True,0.36435223327273286
cheby2,4,2400,True,0.3659878748257535
butter,2,1700,True,0.36681565508745073
butter,1,1800,True,0.3682326293708876
ellip,3,1200,True,0.36883105893068
butter,4,1600,True,0.36899909769670164
ellip,3,1100,True,0.3705428454675016
ellip,1,500,True,0.37056648122648644
cheby1,1,500,True,0.37056648122648644
butter,4,800,True,0.37061625217633115
cheby2,5,1200,True,0.3707608769760289
ellip,3,1300,True,0.3708501398208285
butter,1,1300,True,0.37162287892794194
butter,5,1600,True,0.3721610593137387
cheby1,3,1200,True,0.3722959669790331
cheby1,1,800,True,0.3733650257940422
ellip,1,800,True,0.37336502579404235
cheby1,3,1100,True,0.3738893614826805
cheby2,3,2900,True,0.374092655654823
cheby1,3,1300,True,0.37434824566877795
butter,1,1900,True,0.37435605560644186
butter,6,1600,True,0.37443591513464225
cheby2,6,2000,True,0.3746695749829035
cheby2,8,1800,True,0.37471561069116704
ellip,3,1000,True,0.37557312028880707
butter,3,1700,True,0.3756258779441362
butter,7,1600,True,0.3761739740988886
ellip,3,1400,True,0.37684657835705093
cheby2,5,2200,True,0.3769681981154293
cheby2,7,1900,True,0.3773619941787834
butter,8,1600,True,0.37756474415511443
butter,2,1800,True,0.3776832893243225
cheby2,4,2500,True,0.3788848859080925
cheby1,3,1000,True,0.3790638035325845
cheby1,3,1400,True,0.3800350882764999
butter,4,1700,True,0.3808681721681608
butter,1,2000,True,0.38151898526383105
butter,5,1700,True,0.38440746656380465
cheby1,1,900,True,0.38470004879006275
ellip,1,900,True,0.38470004879006287
ellip,3,900,True,0.3850315950875769
ellip,3,1500,True,0.38531005837277493
butter,1,1200,True,0.38601780668330865
butter,3,800,True,0.3869392652507486
butter,6,1700,True,0.3869830533607189
butter,3,1800,True,0.38714902359218883
ellip,5,1400,True,0.3873587220101913
cheby2,6,2100,True,0.38762867153326547
cheby1,3,1500,True,0.3879430981001215
butter,2,1900,True,0.38871112499665383
cheby2,8,1900,True,0.3887256786788872
butter,7,1700,True,0.3889501948832962
cheby1,3,900,True,0.3893502479164005
butter,1,2100,True,0.38947029681053447
cheby2,5,2300,True,0.38948146223905405
ellip,5,1300,True,0.38985681134274747
butter,8,1700,True,0.39049203300054375
cheby2,7,2000,True,0.39051109310003496
cheby2,3,3000,True,0.3913060680728758
cheby2,4,2600,True,0.39227675694948416
butter,4,1800,True,0.3926123704216835
ellip,7,1400,True,0.39297079622730097
ellip,3,1600,True,0.39372343244214286
ellip,5,1500,True,0.39434317013709425
cheby1,3,1600,True,0.3960152291115112
butter,5,1800,True,0.39616295827595205
ellip,1,1000,True,0.3964489844415131
cheby1,1,1000,True,0.3964489844415132
ellip,5,1200,True,0.396694922872669
ellip,7,1500,True,0.397544257267272
butter,1,2200,True,0.39803430753760316
butter,6,1800,True,0.3986368079815025
butter,3,1900,True,0.3986929168628532
cheby2,6,2200,True,0.39915128643811176
ellip,7,1300,True,0.3992628492709298
butter,2,2000,True,0.3998237819843593
cheby2,8,2000,True,0.39987762766822166
butter,7,1800,True,0.4004323374493163
ellip,5,1600,True,0.4014211915523995
cheby2,7,2100,True,0.4014750983891486
cheby2,5,2400,True,0.4015693434873889
ellip,3,1700,True,0.4016160109398386
butter,8,1800,True,0.4017684182999037
cheby2,2,2900,True,0.402841478210738
cheby1,3,1700,True,0.40382613995101674
ellip,3,800,True,0.40413876627183354
butter,4,1900,True,0.4042496375538123
ellip,5,1700,True,0.4043751835600809
cheby2,4,1400,True,0.4045015405295918
ellip,7,1600,True,0.40559866585941906
cheby2,4,2700,True,0.40627039152782096
butter,1,2300,True,0.4070903390319946
butter,5,1900,True,0.40771777790535196
cheby2,3,1900,True,0.40775889525051584
ellip,1,1100,True,0.40796132457637424
cheby1,1,1100,True,0.4079613245763743
butter,1,1100,True,0.40895761017616683
ellip,7,1700,True,0.4089662538370509
ellip,7,1200,True,0.40937654624763714
ellip,5,1800,True,0.4095684265322831
cheby1,3,800,True,0.40963644159830753
ellip,5,1100,True,0.40979810208078554
butter,6,1900,True,0.41006210297182627
ellip,3,1800,True,0.4100849287628167
butter,3,2000,True,0.4102371298667936
cheby2,3,3100,True,0.4105272859202456
cheby2,8,2100,True,0.4105525130017517
cheby2,6,2300,True,0.4106663665788832
ellip,7,1800,True,0.41083782856886947
butter,2,2100,True,0.41097544940013975
butter,7,1900,True,0.41173959586855935
cheby1,3,1800,True,0.4121629321775749
cheby2,7,2200,True,0.4127122799389801
butter,8,1900,True,0.41300666946155673
cheby1,5,1400,True,0.4137190697527854
cheby2,5,2500,True,0.4142196287189815
cheby1,1,400,True,0.4149950605126305
ellip,1,400,True,0.4149950605126307
butter,2,800,True,0.4156047087342374
butter,4,2000,True,0.41590132398674656
butter,1,2400,True,0.4165579799095618
cheby1,5,1500,True,0.4169042571142378
ellip,5,1900,True,0.4183053075613129
ellip,1,1200,True,0.41897781628646835
cheby1,1,1200,True,0.41897781628646846
cheby1,5,1300,True,0.41905359685792787
ellip,7,1900,True,0.41927228706264863
ellip,3,1900,True,0.4193091528562381
butter,5,2000,True,0.41939943507600885
cheby1,5,1600,True,0.42072138198610315
cheby1,3,1900,True,0.42114683111922835
cheby1,5,1700,True,0.42125950947839974
cheby2,4,2800,True,0.421278694724622
butter,3,2100,True,0.42174854555981717
butter,6,2000,True,0.42176166294206285
butter,2,2200,True,0.42213731191129406
cheby2,8,2200,True,0.4224845757378875
cheby2,8,900,True,0.422957783569922
cheby2,6,2400,True,0.42310436502013954
butter,7,2000,True,0.42346869505859325
cheby1,5,1800,True,0.42408357656647383
butter,8,2000,True,0.42476724371984165
cheby2,7,2300,True,0.42486313315424623
ellip,5,2000,True,0.4258432477917204
butter,1,2500,True,0.4263865896174985
ellip,7,2000,True,0.42712204526970443
butter,4,2100,True,0.42753561718986915
cheby2,5,2600,True,0.4277478086909354
ellip,7,1100,True,0.42855498492030586
ellip,3,2000,True,0.4286265769708605
ellip,1,1300,True,0.4294148918177135
cheby1,1,1300,True,0.4294148918177136
cheby1,3,2000,True,0.43022233769565177
cheby1,5,1900,True,0.43029771123239957
ellip,5,1000,True,0.43079805312132613
butter,5,2100,True,0.43111715062199196
cheby1,5,1200,True,0.43159892929569105
cheby2,3,3200,True,0.43183534086827735
butter,3,2200,True,0.4331730041653499
butter,2,2300,True,0.4332914803020879
butter,6,2100,True,0.4335391247416818
ellip,5,2100,True,0.43375755309720254
ellip,7,2100,True,0.4341543253918887
cheby2,8,2300,True,0.4346541152718369
cheby2,6,1000,True,0.4351984248328792
butter,7,2100,True,0.4352852286690155
cheby2,6,2500,True,0.43608472415545857
cheby1,5,2000,True,0.436540218473213
butter,1,2600,True,0.4365479264337156
butter,8,2100,True,0.4365972844922475
cheby2,4,2900,True,0.4371284542221514
cheby2,7,2400,True,0.4373919815038464
ellip,3,2100,True,0.4375693560155369
cheby1,3,2100,True,0.4389814133654981
butter,4,2200,True,0.439008517679218
ellip,1,1400,True,0.43926850727812605
cheby1,1,1400,True,0.43926850727812605
cheby2,5,2700,True,0.44165467365943195
ellip,7,2200,True,0.441824865477583
ellip,5,2200,True,0.4420034777179824
butter,5,2200,True,0.4425959411520424
cheby1,5,2100,True,0.4430009784434363
butter,1,1000,True,0.4432093273089158
butter,2,2400,True,0.4444264455234587
butter,3,2300,True,0.44447726959102724
butter,6,2200,True,0.445013369688946
ellip,3,2200,True,0.446132112665445
butter,7,2200,True,0.4467417770644544
cheby2,8,2400,True,0.4467818308452899
butter,1,2700,True,0.44703108631227984
cheby1,3,2200,True,0.4474486880312724
butter,8,2200,True,0.4480322972908476
ellip,1,1500,True,0.4485697970711709
cheby1,1,1500,True,0.4485697970711709
ellip,7,2300,True,0.4487589471538269
cheby2,6,2600,True,0.44899022705137953
ellip,5,2300,True,0.44906867523784344
cheby1,5,2200,True,0.4495882880660904
cheby2,7,2500,True,0.44975287045762546
butter,4,2300,True,0.45023620767181766
cheby1,5,1100,True,0.45056195228713325
ellip,7,1000,True,0.45124297881888964
ellip,5,900,True,0.4529640017266691
cheby1,7,1800,True,0.4530958431705436
cheby2,4,3000,True,0.45336921381892453
ellip,3,700,True,0.4535763449154379
butter,5,2300,True,0.4536870279591855
cheby1,7,1700,True,0.45457391158330096
cheby1,7,1900,True,0.4546157413945385
ellip,3,2300,True,0.4548744232092902
cheby2,3,3300,True,0.45506095038132705
cheby2,5,2800,True,0.45536766492931513
cheby1,5,2300,True,0.45546791824286564
butter,2,2500,True,0.4555308677777506
butter,3,2400,True,0.4556756638259555
cheby1,7,2000,True,0.4557114078830859
ellip,7,2400,True,0.45592631877252676
butter,6,2300,True,0.4559731252183997
cheby1,3,2300,True,0.45611187821430493
cheby1,3,700,True,0.45659846338099275
ellip,5,2400,True,0.4568535361366507
ellip,1,1600,True,0.45736411786156306
cheby1,1,1600,True,0.4573641178615633
butter,7,2300,True,0.4575943960372258
butter,1,2800,True,0.457839179987771
cheby2,8,2500,True,0.45856939719684764
butter,8,2300,True,0.4588054318011597
cheby1,7,2100,True,0.45893081155778964
cheby1,7,1600,True,0.4592525448996014
butter,4,2400,True,0.46131103189684713
cheby2,6,2700,True,0.46131298212619565
cheby2,7,2600,True,0.4615244173210809
cheby1,5,2400,True,0.463093775207061
cheby1,7,2200,True,0.46310006887803523
cheby1,7,1500,True,0.4634956570782876
ellip,3,2400,True,0.4644132340297126
butter,5,2400,True,0.46458053169693353
cheby1,3,2400,True,0.46537940912312337
ellip,1,1700,True,0.46570103522506223
cheby1,1,1700,True,0.4657010352250623
cheby1,7,2300,True,0.4664804377591522
butter,2,2600,True,0.4665872613249635
cheby2,5,1100,True,0.4666399893256257
butter,6,2400,True,0.46666862509663437
butter,3,2500,True,0.466790329067387
cheby2,2,2800,True,0.4676174104085311
ellip,7,2500,True,0.4679350304762728
butter,7,2400,True,0.46809835143918227
butter,1,2900,True,0.4689873377898831
butter,8,2400,True,0.4691271320639019
cheby2,8,2600,True,0.4691797483796821
cheby2,5,2900,True,0.4692285465378882
cheby1,7,1400,True,0.46964720372739643
ellip,5,2500,True,0.4697464265944729
cheby2,4,3100,True,0.470368602683239
cheby1,7,2400,True,0.47089345559833806
cheby2,7,900,True,0.47132237053617476
butter,4,2500,True,0.47238737239963074
ellip,7,900,True,0.47239987694778
cheby2,7,2700,True,0.47287596963013157
ellip,1,1800,True,0.473629579155023
cheby1,1,1800,True,0.4736295791550232
ellip,3,2500,True,0.4737687130729139
cheby2,3,1800,True,0.47388162559075286
cheby2,6,2800,True,0.47390680271120766
cheby1,5,1000,True,0.47419913117094376
cheby1,5,2500,True,0.4742095990183855
cheby1,3,2500,True,0.47442923294789496
ellip,5,2600,True,0.47563645203516386
butter,5,2500,True,0.47566650216788303
ellip,7,2600,True,0.4760465730714963
ellip,5,800,True,0.4763337303917781
butter,2,2700,True,0.47757103547215324
butter,3,2600,True,0.477774661258511
butter,6,2500,True,0.47780584059232056
butter,7,2500,True,0.47931359907235366
cheby1,5,2600,True,0.47950720645620815
butter,8,700,True,0.48009438270777643
butter,8,2500,True,0.48044151818755304
butter,1,3000,True,0.480501676392594
cheby1,7,2500,True,0.4806057224561455
ellip,7,2700,True,0.4807868780470966
ellip,1,1900,True,0.4811960847803208
cheby1,1,1900,True,0.48119608478032094
cheby2,8,2700,True,0.481713648399159
ellip,3,2600,True,0.48175615776822756
cheby1,3,2600,True,0.4823494404248712
butter,7,700,True,0.482629938174129
ellip,5,2700,True,0.4827326531360524
butter,4,2600,True,0.4833522004258374
cheby1,7,2600,True,0.48429064642986674
cheby2,5,3000,True,0.4844640208406988
cheby1,5,2700,True,0.4852390401032918
butter,6,700,True,0.485406395493847
cheby1,7,1300,True,0.4854588014320087
butter,5,2600,True,0.48670638984741804
cheby2,7,2800,True,0.4869095907032081
cheby2,4,3200,True,0.4882252771552832
cheby2,6,2900,True,0.488350644622907
ellip,1,2000,True,0.48844330687379833
cheby1,1,2000,True,0.48844330687379833
butter,2,2800,True,0.4884583881787492
butter,3,2700,True,0.4885156416033662
butter,5,700,True,0.48859404862210803
butter,6,2600,True,0.4889776912242682
ellip,3,2700,True,0.4893067460051003
cheby1,3,2700,True,0.4898170045408377
cheby1,7,2700,True,0.49029414247616726
butter,7,2600,True,0.4906371339296909
ellip,7,2800,True,0.4906456545159684
butter,8,2600,True,0.4919111404676907
ellip,5,2800,True,0.49197775518979847
butter,4,700,True,0.49199960677421756
butter,1,900,True,0.49240059056082575
butter,1,3100,True,0.49241867489094426
cheby1,5,2800,True,0.4933309467478377
butter,4,2700,True,0.49387896984602153
cheby2,8,2800,True,0.4951756778463628
butter,3,700,True,0.4953106803428198
cheby1,1,2100,True,0.4954101487732804
ellip,1,2100,True,0.4954101487732804
cheby1,7,2800,True,0.49641056386370996
ellip,3,2800,True,0.49697524193617887
butter,5,2700,True,0.49701796424910727
cheby1,5,900,True,0.4972205496499524
cheby1,3,2800,True,0.49733912942338293
ellip,7,800,True,0.4977408121897697
ellip,7,2900,True,0.4977921014071278
ellip,5,2900,True,0.4986252557881207
cheby2,5,3100,True,0.4987592552490997
cheby2,7,2900,True,0.49888070469395196
butter,3,2800,True,0.49893527486798167
butter,6,2700,True,0.49904492238581094
butter,2,2900,True,0.49923989166828936
cheby1,5,2900,True,0.49991378568036404
butter,7,2700,True,0.5004335474320603
cheby2,6,3000,True,0.5006718088302451
cheby1,7,2900,True,0.500820577707435
cheby2,4,1300,True,0.5008338369218871
butter,8,2700,True,0.5014188837815593
cheby1,1,2200,True,0.5021316658725268
ellip,1,2200,True,0.5021316658725269
butter,4,2800,True,0.5038939559249522
cheby1,7,1200,True,0.5039941414068653
butter,2,700,True,0.5045002262972755
ellip,7,3000,True,0.5045114900581041
ellip,3,2900,True,0.5046202357674232
cheby2,8,2900,True,0.504643718580143
butter,1,3200,True,0.5047836934701112
cheby1,3,2900,True,0.5048921567764916
cheby2,4,3300,True,0.5054183064382972
ellip,5,3000,True,0.5058565315055721
butter,5,2800,True,0.506694177172629
cheby1,7,3000,True,0.506792876943563
cheby1,5,3000,True,0.5068454883895993
butter,6,2800,True,0.5084583339878764
ellip,1,2300,True,0.5086391651984206
cheby1,1,2300,True,0.5086391651984206
butter,3,2900,True,0.5090440211479655
cheby2,7,3000,True,0.5094888157471953
butter,7,2800,True,0.5096620351664269
butter,2,3000,True,0.5099334386296321
butter,8,2800,True,0.5105397842903908
cheby2,5,3200,True,0.5122253163091345
cheby2,6,3100,True,0.5124643378202262
ellip,3,3000,True,0.5128765192983716
cheby1,3,3000,True,0.5130198433172496
ellip,7,3100,True,0.513345345882793
butter,4,2900,True,0.5135277639613101
cheby1,7,3100,True,0.5143442398625624
cheby1,1,2400,True,0.5149603076254518
ellip,1,2400,True,0.5149603076254518
ellip,5,3100,True,0.5149942910961726
cheby1,5,3100,True,0.5152930846441016
cheby2,8,3000,True,0.5153292952087707
butter,5,2900,True,0.516027821208098
butter,6,2900,True,0.51761287042185
butter,1,3300,True,0.5176454915815212
butter,7,2900,True,0.5187035737588422
butter,3,3000,True,0.5189205724261278
butter,8,2900,True,0.5195001122561549
cheby2,7,3100,True,0.5202969668901624
butter,2,3100,True,0.5205923313439205
ellip,1,2500,True,0.5211191686575175
cheby1,1,2500,True,0.5211191686575175
cheby1,3,3100,True,0.521848565307298
ellip,3,3100,True,0.521872389400702
cheby1,7,3200,True,0.5221953470489128
cheby1,5,800,True,0.5223246951580877
ellip,7,3200,True,0.5225428619608922
butter,4,3000,True,0.5229028022370863
cheby1,5,3200,True,0.5229783395284029
ellip,5,3200,True,0.5238948423403994
cheby2,6,3200,True,0.5239531453780101
butter,5,3000,True,0.5250763275833624
cheby2,8,3100,True,0.5251651931517778
cheby2,5,3300,True,0.5254064589460525
cheby1,7,1100,True,0.5261085350875097
butter,6,3000,True,0.5264252513565285
cheby1,1,2600,True,0.5271362496314613
ellip,1,2600,True,0.5271362496314614
butter,7,3000,True,0.527338872252118
butter,8,3000,True,0.5279967323398554
butter,3,3100,True,0.5287053997244621
cheby1,7,3300,True,0.5301410094975434
cheby2,7,3200,True,0.5305493003088244
cheby1,3,3200,True,0.5309432899171679
ellip,3,3200,True,0.5310119033922118
butter,2,3200,True,0.5313046737245184
ellip,7,3300,True,0.5320663711840106
butter,4,3100,True,0.5322603454653781
cheby1,5,3300,True,0.5324192680842752
cheby1,1,2700,True,0.5330284678011259
ellip,1,2700,True,0.533028467801126
ellip,5,3300,True,0.5340913782049136
butter,5,3100,True,0.5342093914644711
cheby2,8,3200,True,0.5350785930498237
butter,6,3100,True,0.5354346472730847
cheby2,6,3300,True,0.5356757210262134
butter,7,3100,True,0.5362868618509709
butter,8,3100,True,0.536913130903517
ellip,1,300,True,0.5384749700245559
cheby1,1,300,True,0.53847497002456
butter,3,3200,True,0.5385410690422479
ellip,1,2800,True,0.5388092015708603
cheby1,1,2800,True,0.5388092015708603
cheby1,3,3300,True,0.5410660672777593
ellip,3,3300,True,0.5412316959198251
butter,4,3200,True,0.5417178002269273
cheby2,7,3300,True,0.5419722195828189
butter,2,3300,True,0.542171391144069
cheby2,2,2700,True,0.54286477542325
butter,5,3200,True,0.5434940114684311
cheby1,1,2900,True,0.5444885334869366
ellip,1,2900,True,0.5444885334869366
butter,6,3200,True,0.5446408081911154
butter,7,3200,True,0.545440364673461
cheby2,8,3300,True,0.5460112477412041
butter,8,3200,True,0.5460313993554038
butter,3,3300,True,0.548572307696323
cheby1,1,3000,True,0.550073918136443
ellip,1,3000,True,0.5500739181364431
butter,4,3300,True,0.5513308173934306
cheby1,7,1000,True,0.5516820073763521
butter,5,3300,True,0.5528614788787102
butter,6,3300,True,0.5538374095460635
butter,7,3300,True,0.554501641129292
butter,8,3300,True,0.5550035182238008
cheby1,1,3100,True,0.5555715846765584
ellip,1,3100,True,0.5555715846765584
cheby2,3,1700,True,0.556538439709068
cheby1,1,3200,True,0.5609890008371581
ellip,1,3200,True,0.5609890008371581
butter,1,800,True,0.5614896654981896
ellip,1,2300,False,0.562982881120433
cheby1,1,2300,False,0.562982881120433
butter,1,3200,False,0.563056204608389
cheby1,1,2200,False,0.5632124608466612
ellip,1,2200,False,0.5632124608466612
cheby1,1,2400,False,0.5632349671899907
ellip,1,2400,False,0.5632349671899907
butter,1,3300,False,0.5634739507829918
ellip,1,2500,False,0.5638931408399132
cheby1,1,2500,False,0.5638931408399132
cheby1,1,2100,False,0.5640180578660065
ellip,1,2100,False,0.5640180578660065
butter,1,3100,False,0.5645758241969049
cheby1,1,2600,False,0.5648965445963265
ellip,1,2600,False,0.5648965445963267
ellip,1,2000,False,0.5655182148131541
cheby1,1,2000,False,0.5655182148131541
cheby1,1,2700,False,0.5661960294713303
ellip,1,2700,False,0.5661960294713304
ellip,1,3300,True,0.5663385359837951
cheby1,1,3300,True,0.5663385359837952
cheby1,1,2800,False,0.5677519643505976
ellip,1,2800,False,0.5677519643505976
ellip,1,1900,False,0.5678629231636091
cheby1,1,1900,False,0.5678629231636092
butter,1,3000,False,0.5681321906551245
cheby1,1,2900,False,0.5695327228193062
ellip,1,2900,False,0.5695327228193063
cheby1,1,1800,False,0.5712434092925364
ellip,1,1800,False,0.5712434092925364
cheby1,1,3000,False,0.5715137472940807
ellip,1,3000,False,0.5715137472940808
ellip,1,3100,False,0.5736770934331665
cheby1,1,3100,False,0.5736770934331666
butter,1,2900,False,0.5738271422077879
cheby1,1,1700,False,0.5759054514242519
ellip,1,1700,False,0.575905451424252
cheby1,1,3200,False,0.5760112905969073
ellip,1,3200,False,0.5760112905969073
ellip,1,3300,False,0.5785111564033003
cheby1,1,3300,False,0.5785111564033004
butter,1,2800,False,0.5817709531159778
ellip,1,1600,False,0.5821677027356633
cheby1,1,1600,False,0.5821677027356635
cheby1,7,900,True,0.5839541188704193
cheby1,1,1500,False,0.5904472262593159
ellip,1,1500,False,0.5904472262593161
ellip,5,700,True,0.5905041548470241
butter,1,2700,False,0.5920867368209656
butter,2,3300,False,0.5945135468893524
cheby1,3,600,True,0.5991009430071734
cheby1,1,1400,False,0.6012956081495447
ellip,1,1400,False,0.6012956081495449
butter,2,3200,False,0.6021200734432721
butter,1,2600,False,0.6049143242039197
ellip,3,600,True,0.6097227192764755
cheby1,5,700,True,0.6097707322582638
cheby2,8,800,True,0.6115873213608874
butter,2,3100,False,0.612759918505463
ellip,7,700,True,0.6129936613704293
cheby1,1,1300,False,0.6154509216722921
ellip,1,1300,False,0.6154509216722921
butter,1,2500,False,0.6204144209605338
cheby2,2,2600,True,0.6222603960094929
butter,2,3000,False,0.6265918935961179
butter,2,600,True,0.630715874984482
ellip,3,3300,False,0.633463986000723
butter,3,3300,False,0.6334957750337373
cheby1,1,1200,False,0.6339140617461816
ellip,1,1200,False,0.6339140617461818
cheby2,4,1200,True,0.6356238064800666
cheby2,6,900,True,0.6369147047739212
butter,1,2400,False,0.6387736081049403
cheby1,3,3300,False,0.6424861437932932
butter,2,2900,False,0.6436969128424188
cheby2,3,1600,True,0.6456760330906429
cheby2,5,1000,True,0.6484118379259988
cheby1,7,800,True,0.6520477881346309
butter,3,3200,False,0.6545870094235812
ellip,3,3200,False,0.6548688876065667
butter,3,600,True,0.6556794533899178
butter,1,700,True,0.6577252700009822
cheby1,1,1100,False,0.6580637451711826
ellip,1,1100,False,0.6580637451711828
butter,1,2300,False,0.6602106268459333
butter,2,2800,False,0.6641515204764333
cheby1,3,3200,False,0.6672296755832935
butter,3,3100,False,0.6807505178075971
butter,4,3300,False,0.6815821240332067
ellip,3,3100,False,0.6816432891555558
butter,1,2200,False,0.6849843738249943
butter,2,2700,False,0.6880658699631201
cheby1,1,1000,False,0.6898352500943121
ellip,1,1000,False,0.6898352500943125
butter,4,600,True,0.6920572496561592
cheby1,3,3100,False,0.6975731753849513
cheby2,2,2500,True,0.7026040669022283
butter,3,3000,False,0.7118870235424815
butter,1,2100,False,0.7134041089294089
ellip,3,3000,False,0.7136825942242481
butter,2,2600,False,0.7155984542689828
ellip,5,3300,False,0.717845556515757
butter,4,3200,False,0.7192220702739117
butter,5,600,True,0.7244240459669001
cheby2,3,1500,True,0.7298237283554317
cheby1,1,900,False,0.7320091962280032
ellip,1,900,False,0.7320091962280033
cheby1,3,3000,False,0.7334222188793131
butter,5,3300,False,0.7376944465806181
butter,1,2000,False,0.7458425444412188
butter,2,2500,False,0.7469590705632203
butter,3,2900,False,0.7477720221710559
ellip,3,2900,False,0.7508493252754717
ellip,7,3300,False,0.7515643490131401
butter,6,600,True,0.7521863076853279
butter,4,3100,False,0.7637686621480483
cheby2,4,1100,True,0.7669866799449787
ellip,5,3200,False,0.7698449349838865
cheby2,8,3300,False,0.770815553160394
cheby2,7,800,True,0.7742376836025298
cheby1,3,2900,False,0.7745684122629086
butter,7,600,True,0.7760454989549025
cheby2,7,3300,False,0.7776003463876441
butter,2,2400,False,0.7824094700848436
butter,1,1900,False,0.7827527584257762
cheby2,2,2400,True,0.784466767567411
butter,3,2800,False,0.7882288726479314
cheby2,6,3300,False,0.7885248740139985
cheby1,1,800,False,0.7887010751840817
ellip,1,800,False,0.7887010751840818
butter,1,600,True,0.7926050138081981
ellip,3,2800,False,0.7928458795554676
butter,5,3200,False,0.79379694013782
butter,8,600,True,0.7965571235286432
butter,2,500,True,0.7980119398171343
butter,6,3300,False,0.8005313021863222
cheby2,3,1400,True,0.8024219968767553
cheby2,5,3300,False,0.8082117987971211
butter,3,500,True,0.8143054132472739
butter,4,3000,False,0.8146077916592431
ellip,7,3200,False,0.8159944517302435
cheby1,3,2800,False,0.8206703454074478
butter,2,2300,False,0.8222674601987486
butter,1,1800,False,0.8246902969090144
cheby2,5,900,True,0.8279473040337284
cheby1,5,3300,False,0.8286907144899167
ellip,5,3100,False,0.8311281418128066
butter,3,2700,False,0.8332282290601646
ellip,3,2700,False,0.8391408398234359
cheby2,8,3200,False,0.8400783034471623
cheby1,7,700,True,0.8474869989245142
butter,4,500,True,0.8486367175078491
cheby2,7,3200,False,0.8493152051094828
cheby2,4,3300,False,0.8494103857080453
cheby2,4,1000,True,0.8539728031248803
cheby1,3,500,True,0.853973119780145
butter,5,3100,False,0.8580236868895014
cheby2,6,3200,False,0.8644795500221182
cheby2,6,800,True,0.8661989453669524
cheby1,1,700,False,0.8662418245581545
ellip,1,700,False,0.8662418245581547
cheby2,3,1300,True,0.8663494218750024
butter,2,2200,False,0.8669172885466256
butter,7,3300,False,0.8687622854090506
butter,4,2900,False,0.8711650444592116
cheby1,3,2700,False,0.8712782811795948
cheby2,2,2300,True,0.8715776014808815
butter,1,1700,False,0.8723424713676751
butter,5,500,True,0.8733626279503341
butter,6,3200,False,0.8759966048150349
ellip,3,500,True,0.8773771300365094
butter,3,2600,False,0.8828900378991874
ellip,7,3100,False,0.888568118503121
butter,6,500,True,0.8888412314628743
ellip,3,2600,False,0.8897576239580861
cheby2,5,3200,False,0.8912637063615648
cheby2,5,800,True,0.8973367719871833
butter,7,500,True,0.898074332001819
ellip,5,3000,False,0.8982973857037815
butter,8,500,True,0.9036785732394494
cheby2,4,900,True,0.904333387421456
cheby2,8,700,True,0.9058929453050973
cheby2,7,700,True,0.9085939728225163
cheby2,6,700,True,0.9093770276222611
cheby2,8,600,True,0.9123798648925792
cheby2,7,600,True,0.9129557960724396
cheby1,5,3200,False,0.9144412070602413
cheby1,5,600,True,0.9162714765236462
butter,2,2100,False,0.9168269820679255
cheby2,8,3100,False,0.9172432420279222
cheby2,5,700,True,0.9260243487578429
cheby1,3,2600,False,0.9263934670749394
butter,1,1600,False,0.9265678470202303
butter,5,3000,False,0.9292283799933373
cheby2,7,3100,False,0.9293724050540658
butter,4,2800,False,0.9330726107541294
cheby2,6,600,True,0.9346495905305596
cheby2,3,1200,True,0.9356729114029884
butter,3,2500,False,0.9374530308057192
butter,8,3300,False,0.9411293611012171
ellip,3,2500,False,0.9449377827797674
cheby2,4,3200,False,0.9460874781035821
cheby2,6,3100,False,0.9486208754924104
butter,6,3100,False,0.9602209593019722
cheby2,3,3300,False,0.9617423951686309
butter,7,3200,False,0.9638302037847618
ellip,5,600,True,0.9642077659394136
cheby2,4,800,True,0.9660989389541113
ellip,7,3000,False,0.9671961296616581
cheby2,2,2200,True,0.9695026673415628
ellip,5,2900,False,0.9718380707343932
butter,2,2000,False,0.97257210916665
butter,5,400,True,0.9732551528493599
butter,6,400,True,0.9732811887791932
cheby1,1,600,False,0.9748825917824725
ellip,1,600,False,0.9748825917824728
cheby2,8,500,True,0.9750780108544861
butter,7,400,True,0.9757172064269726
butter,8,400,True,0.9788651510085095
butter,4,400,True,0.9799840913822697
cheby2,5,3100,False,0.9825351572324267
butter,1,500,True,0.9859447181879742
cheby1,3,2500,False,0.9862159192817092
butter,1,1500,False,0.9884504738877807
butter,3,2400,False,0.9972550517197845
cheby1,3,400,True,0.9974587949887431
ellip,3,400,True,0.9994055545865634
butter,4,2700,False,1.00029657792461
cheby2,8,3000,False,1.001461401839165
butter,3,400,True,1.004109954616551
ellip,3,2400,False,1.0047421281019981
butter,5,2900,False,1.006685663524994
cheby1,5,3100,False,1.00962423658672
ellip,7,600,True,1.0134814617324663
cheby2,7,3000,False,1.016213945143326
cheby2,7,500,True,1.0208817554230496
cheby2,5,600,True,1.024503003559325
butter,2,1900,False,1.034865598440205
cheby2,3,1100,True,1.0377972266845017
cheby2,6,3000,False,1.0399637674433768
ellip,5,500,True,1.0414789397312887
ellip,5,2800,False,1.0508797532930239
cheby1,3,2400,False,1.050895841143987
butter,6,3000,False,1.051685538091398
cheby2,4,3100,False,1.0520302248709772
ellip,7,2900,False,1.0530031709632273
butter,8,3200,False,1.0557640063704692
butter,1,1400,False,1.0593759280167334
butter,3,2300,False,1.06271534629546
butter,2,400,True,1.0662071930032457
butter,7,3100,False,1.0678883815040292
cheby2,6,500,True,1.068143018882161
ellip,3,2300,False,1.0696920142210216
butter,4,2600,False,1.0730148180416659
cheby1,7,3300,False,1.0736431835092424
cheby2,5,3000,False,1.0817533854698511
ellip,7,500,True,1.082355810590725
cheby2,2,2100,True,1.0839683496267343
butter,5,2800,False,1.0900378094713463
cheby2,8,2900,False,1.0923861098532586
cheby2,3,3200,False,1.0945503926212525
butter,2,1800,False,1.1045945500601144
cheby2,7,2900,False,1.1103676371103097
cheby1,5,3000,False,1.1114030989164498
cheby1,8,400,True,1.1175704566380187
cheby2,4,700,True,1.1191750208598568
cheby2,8,400,True,1.119215716392626
cheby1,3,2300,False,1.120945767764392
cheby1,1,500,False,1.1324157228790508
ellip,1,500,False,1.1324157228790515
butter,3,2200,False,1.1343326781389231
ellip,5,2700,False,1.13501967929195
cheby2,6,2900,False,1.1388523372336532
ellip,3,2200,False,1.1406420637470693
butter,1,1300,False,1.14114041921918
ellip,7,2800,False,1.144439649195213
butter,6,2900,False,1.1497755777291763
butter,4,2500,False,1.1515173341284723
cheby1,5,500,True,1.1622142399652362
cheby2,4,3000,False,1.1665572854296669
butter,7,3000,False,1.1792963348744152
butter,8,3100,False,1.1793295205587577
butter,5,2700,False,1.1794068234622666
butter,2,1700,False,1.182866836439244
cheby2,5,2900,False,1.1880739679625247
cheby2,8,2800,False,1.1907832413782309
cheby1,3,2200,False,1.1971378830976245
cheby1,6,300,True,1.20622434938913
cheby2,7,2800,False,1.2114253737318084
butter,3,2100,False,1.2127164154299892
ellip,3,2100,False,1.2181962465888625
cheby2,3,1000,True,1.2184604259960117
cheby2,2,2000,True,1.219084958930599
cheby1,5,2900,False,1.2196604115186402
cheby1,8,500,True,1.2206666746082233
cheby1,7,3200,False,1.2234019318166673
ellip,5,2600,False,1.2257811272413348
ellip,5,400,True,1.231215405362018
butter,1,1200,False,1.2361114342649533
butter,4,2400,False,1.2362516901880578
cheby2,3,3100,False,1.2379465899095863
ellip,7,2700,False,1.2412933647022977
cheby2,6,2800,False,1.2439493888285602
ellip,2,3300,False,1.2525925728476857
cheby1,2,3300,False,1.2527806516019862
ellip,2,3200,False,1.253830989920372
cheby1,2,3200,False,1.2540884708328364
butter,6,2800,False,1.2543127759802726
ellip,2,3100,False,1.2553762608800991
cheby1,2,3100,False,1.255715410238991
ellip,2,3000,False,1.2574654468145918
cheby1,2,3000,False,1.2578958481576972
ellip,2,2900,False,1.2602375869757079
cheby1,2,2900,False,1.2607690519965893
ellip,2,2800,False,1.263783655502421
cheby1,2,2800,False,1.2644271724148193
ellip,2,2700,False,1.2681753828815256
cheby1,2,2700,False,1.268943841481704
butter,2,1600,False,1.271072371915513
ellip,2,2600,False,1.2734875913263715
cheby1,2,2600,False,1.2743965256245395
butter,1,400,True,1.274886075449106
butter,5,2600,False,1.2750514075995565
cheby1,7,600,True,1.278031054994726
ellip,2,2500,False,1.279820427983877
cheby1,3,2100,False,1.2801116571205304
cheby1,2,2500,False,1.2808883879455462
ellip,3,300,True,1.2836646846415198
ellip,4,3300,False,1.2864510706557117
ellip,2,2400,False,1.287315690624078
cheby1,2,2400,False,1.2885643078954094
cheby2,4,2900,False,1.2891896192161962
cheby2,8,2700,False,1.2947138155615512
ellip,2,2300,False,1.2961670159858025
cheby1,3,300,True,1.2963172077516762
cheby1,2,2300,False,1.2976210007008862
butter,7,2900,False,1.2977307744118078
butter,3,2000,False,1.2986387328246918
ellip,4,3200,False,1.3007082865559079
cheby2,5,2800,False,1.30193682993441
ellip,3,2000,False,1.302858189651175
cheby1,4,3300,False,1.3042036941554358
ellip,2,2200,False,1.3066272773143988
cheby1,2,2200,False,1.308314448363556
ellip,6,3300,False,1.309875179722638
butter,8,3000,False,1.3103890608986328
ellip,8,3300,False,1.3171158598736885
cheby2,7,2700,False,1.3182088477365355
ellip,4,3100,False,1.318711986430165
ellip,2,2100,False,1.3190146824908417
cheby1,2,2100,False,1.320966205781452
ellip,5,2500,False,1.3231059123352884
cheby1,4,3200,False,1.325161023082216
butter,4,2300,False,1.3277803913188595
ellip,6,3200,False,1.3336848326242599
ellip,2,2000,False,1.3337202314777832
cheby1,5,2800,False,1.3341870687946642
cheby1,2,2000,False,1.3359713231601291
cheby1,6,400,True,1.3389110996538522
ellip,4,3000,False,1.3400773850368846
ellip,8,3200,False,1.344586924885628
ellip,7,2600,False,1.345836809521241
butter,1,1100,False,1.3474712744404618
cheby1,8,300,True,1.34798812936502
cheby1,4,3100,False,1.3508929144508108
ellip,2,1900,False,1.3512225647377214
cheby1,2,1900,False,1.3538137085076982
cheby2,6,2700,False,1.3563863437419208
ellip,6,3100,False,1.3627877543606808
ellip,4,2900,False,1.3653151474339142
butter,6,2700,False,1.3655798127664216
cheby1,3,2000,False,1.3704649101641213
butter,2,1500,False,1.3709663232143023
ellip,2,1800,False,1.3721160498365372
cheby1,1,400,False,1.3728653815500869
ellip,1,400,False,1.3728653815500875
cheby1,2,1800,False,1.3750945135016674
cheby2,2,1900,True,1.3758224527578347
ellip,8,3100,False,1.377136456025171
butter,5,2500,False,1.3772428517801667
ellip,7,400,True,1.3775003781739836
cheby1,7,3100,False,1.3810535481097694
cheby1,4,3000,False,1.3811978945407344
cheby2,3,3000,False,1.3904438778044785
butter,3,1900,False,1.393088187041113
ellip,4,2800,False,1.3944269563575455
ellip,3,1900,False,1.395327651899614
ellip,6,3000,False,1.3965705798707737
ellip,2,1700,False,1.3971549132648724
cheby1,2,1700,False,1.4005763149396704
cheby2,8,2600,False,1.4055309512490683
cheby1,6,3300,False,1.4057515884909189
ellip,8,3000,False,1.4148930562264272
cheby1,4,2900,False,1.416398861360011
cheby2,4,2800,False,1.4193071869465177
cheby2,7,400,True,1.4205072754141952
butter,7,2800,False,1.4232605365907516
cheby2,5,2700,False,1.4232626767000949
ellip,5,2400,False,1.424787149757471
butter,4,2200,False,1.426722689311507
ellip,4,2700,False,1.42720588096695
ellip,2,1600,False,1.427314582370588
cheby1,5,400,True,1.4304333780175122
cheby1,2,1600,False,1.431244410556846
cheby2,7,2600,False,1.4329346435059624
ellip,6,2900,False,1.4358883776884135
cheby2,5,500,True,1.4465664697580989
butter,8,2900,False,1.4489956251558747
cheby1,5,2700,False,1.4549915521326544
ellip,7,2500,False,1.4556214933806362
cheby1,4,2800,False,1.456603275560645
cheby1,8,600,True,1.4581667946243153
ellip,8,2900,False,1.458659938681566
ellip,2,1500,False,1.4638729701931048
ellip,4,2600,False,1.4649407244514432
cheby1,6,3200,False,1.465293934511174
cheby1,2,1500,False,1.468388159065342
cheby1,3,1900,False,1.4689913875456828
cheby2,6,2600,False,1.4764517375470336
butter,1,1000,False,1.4795988729979115
ellip,6,2800,False,1.480593852416784
butter,6,2600,False,1.4838131885499488
butter,2,1400,False,1.4847846639998512
cheby1,8,700,True,1.4858331583107987
butter,5,2400,False,1.4865400747789428
ellip,3,1800,False,1.4966918119909636
butter,3,1800,False,1.4973173503747033
cheby1,4,2700,False,1.5018424949332638
ellip,4,2500,False,1.5080597739618915
ellip,2,1400,False,1.5085193519239024
ellip,8,2800,False,1.5087467860474628
cheby2,2,3300,False,1.5101620449989088
cheby1,2,1400,False,1.513710141796218
cheby2,8,2500,False,1.5245806883052828
cheby2,3,900,True,1.529013206974911
ellip,6,2700,False,1.5312664747257565
butter,4,2100,False,1.5338216053262352
cheby1,6,3100,False,1.5346487150237171
ellip,5,2300,False,1.5348527327004948
cheby1,7,3000,False,1.545533089071244
cheby1,8,3300,False,1.5479691404939382
cheby2,2,1800,True,1.5512010169624173
cheby2,3,2900,False,1.5514633262151443
cheby2,5,2600,False,1.5517567904387106
cheby1,4,2600,False,1.553066045497527
cheby2,7,2500,False,1.5552663188177065
ellip,4,2400,False,1.5555850319439741
butter,7,2700,False,1.5561314431757607
cheby2,4,2700,False,1.556858133683456
cheby1,7,500,True,1.5570041635604726
ellip,2,1300,False,1.5635064149719606
ellip,8,2700,False,1.5644556333987198
cheby1,2,1300,False,1.569478717289236
cheby1,4,300,True,1.5702418422047937
ellip,7,2400,False,1.5715041204209668
cheby1,3,1800,False,1.576859251719258
cheby1,5,2600,False,1.5829013220853416
ellip,6,2600,False,1.58845301471592
butter,8,2800,False,1.5953484627749699
cheby1,6,500,True,1.596999360618661
butter,5,2300,False,1.6036732260986264
cheby2,6,2500,False,1.6037777441057794
ellip,3,1700,False,1.6085821113392746
butter,6,2500,False,1.6092252884533973
ellip,4,2300,False,1.6096327928967056
cheby1,4,2500,False,1.6106790907542967
butter,3,1700,False,1.6128918730944342
cheby1,6,3000,False,1.6129029012010005
butter,2,1300,False,1.615406943580828
ellip,6,300,True,1.6160269744674847
cheby1,8,800,True,1.6166515282351324
butter,2,300,True,1.62484484290126
cheby2,4,600,True,1.6263506937420444
ellip,8,2600,False,1.6278244800220012
ellip,2,1200,False,1.631871446757327
butter,1,900,False,1.6386922805671729
cheby1,2,1200,False,1.6387498806886156
ellip,5,300,True,1.6438760691784886
butter,3,300,True,1.6484655647007058
butter,4,2000,False,1.650057501353772
cheby2,8,2400,False,1.6511027484555447
ellip,6,2500,False,1.6522169928733703
ellip,5,2200,False,1.6531295409258062
cheby1,8,3200,False,1.6561452990952947
butter,4,300,True,1.659458452830833
butter,5,300,True,1.6651275909846028
butter,6,300,True,1.6682283092850398
butter,7,300,True,1.6701368474663663
butter,8,300,True,1.6713453364970814
ellip,4,2200,False,1.6713968338379401
cheby1,4,2400,False,1.6744783413127455
cheby2,7,2400,False,1.6850981655865787
cheby2,5,2500,False,1.6878012484111957
cheby1,3,1700,False,1.6957337132481312
ellip,7,2300,False,1.6962098603133324
butter,7,2600,False,1.696481198503532
ellip,8,2500,False,1.6983334643260364
cheby1,6,2900,False,1.7006737037674315
cheby2,4,2600,False,1.7023587565332263
ellip,4,300,True,1.708145332209528
ellip,2,1100,False,1.71776889000708
cheby1,5,2500,False,1.7179597188192983
cheby1,7,2900,False,1.7181132555519283
cheby2,3,2800,False,1.7208573698132128
ellip,6,2400,False,1.7227457628970664
cheby1,2,1100,False,1.725700553267844
butter,5,2200,False,1.7293713122264238
cheby1,8,900,True,1.731474503355098
ellip,3,1600,False,1.7330734533607781
cheby2,2,1700,True,1.738554323166287
cheby2,6,2400,False,1.738835335594498
butter,1,300,True,1.7391784576423315
ellip,4,2100,False,1.7410361652520878
butter,3,1600,False,1.7417592674746805
butter,6,2400,False,1.7425169701187069
cheby1,4,2300,False,1.745889187807328
butter,8,2700,False,1.7493944091428308
ellip,8,400,True,1.7562950980599132
butter,2,1200,False,1.7665877284582001
cheby1,6,700,True,1.7677235916558849
cheby1,1,300,False,1.7712796451078285
ellip,1,300,False,1.7712796451078296
cheby1,6,600,True,1.7719305102803795
ellip,8,2400,False,1.7754057760381705
butter,4,1900,False,1.7767272656959228
cheby1,8,3100,False,1.7782816562233728
ellip,5,2100,False,1.7795178732662218
cheby2,2,3200,False,1.779666586465838
cheby2,8,2300,False,1.7857732415557657
ellip,6,400,True,1.7981132205882835
cheby1,6,2800,False,1.7984049296185403
ellip,6,2300,False,1.802403370443028
cheby1,4,400,True,1.8039013736208391
cheby1,8,1000,True,1.813557698334595
ellip,4,2000,False,1.819359721858034
cheby2,7,2300,False,1.8232326531930911
cheby1,4,2200,False,1.8261054234240544
ellip,2,1000,False,1.8269831495238578
cheby1,3,1600,False,1.8277211377098703
ellip,7,2200,False,1.8291867218104816
cheby2,5,2400,False,1.8323941687133796
butter,1,800,False,1.833831525758471
cheby1,2,1000,False,1.8361413264261197
cheby1,6,800,True,1.8387100929426858
butter,7,2500,False,1.8445582422868354
cheby2,4,2500,False,1.8565063234473005
cheby1,5,2400,False,1.8595401283842492
ellip,8,2300,False,1.8625881747788722
butter,5,2100,False,1.864521595940579
ellip,3,1500,False,1.872531681134447
cheby1,8,1100,True,1.8779581168474488
cheby2,6,2300,False,1.88272484517911
butter,6,2300,False,1.8845881434927125
butter,3,1500,False,1.8863568425457222
ellip,6,2200,False,1.8912648230792208
cheby1,7,2800,False,1.8984258396550642
cheby2,3,2700,False,1.8987221127787277
cheby1,6,2700,False,1.9055831264163003
ellip,4,1900,False,1.9073138582054308
cheby1,6,900,True,1.9099897184215269
ellip,4,400,True,1.9106647981304297
butter,8,2600,False,1.911300829306788
ellip,8,500,True,1.9117022393840526
cheby1,8,3000,False,1.9132219086356874
butter,4,1800,False,1.915475664946673
cheby1,4,2100,False,1.9156767787192113
ellip,5,2000,False,1.9157463573648008
cheby1,5,300,True,1.918585340124134
cheby1,7,400,True,1.920074863918409
cheby2,2,1600,True,1.9288714949754215
cheby2,8,2200,False,1.9296040506437782
cheby1,8,1200,True,1.9297113579437521
butter,2,1100,False,1.9432893404989666
ellip,6,500,True,1.9436867148703325
ellip,8,700,True,1.9550592295915639
cheby2,3,800,True,1.9551945271587496
cheby1,4,500,True,1.9587275710752101
ellip,8,2200,False,1.9590242233549493
cheby1,6,1000,True,1.9637568712317899
cheby1,4,600,True,1.967393624198268
ellip,2,900,False,1.9677044974376277
cheby2,7,2200,False,1.9710165545003246
ellip,7,2100,False,1.9714859741944155
cheby1,8,1300,True,1.9722624591128943
ellip,6,700,True,1.9753025807113749
cheby1,3,1500,False,1.9753036088756148
cheby1,2,900,False,1.9782896672581918
cheby1,4,700,True,1.9788600845022184
ellip,8,800,True,1.9858147641861403
cheby2,5,2300,False,1.9867327116213616
ellip,6,2100,False,1.9894281049834168
butter,7,2400,False,2.0012208822773956
ellip,6,800,True,2.001325121993205
cheby1,6,1100,True,2.0049379775767036
ellip,4,1800,False,2.006625923433382
cheby1,8,1400,True,2.007624142177213
cheby1,5,2300,False,2.009940541611587
butter,5,2000,False,2.0103459733116904
cheby1,4,2000,False,2.0154617648874855
cheby1,4,800,True,2.0195770375647015
cheby2,4,2400,False,2.0199905163992478
cheby1,6,2600,False,2.0227997373437714
ellip,4,700,True,2.02472504803847
ellip,8,600,True,2.028112450432551
ellip,8,900,True,2.0295392097539535
ellip,3,1400,False,2.029897696959587
ellip,7,300,True,2.0358409548085654
butter,6,2200,False,2.036280402796757
cheby2,6,2200,False,2.0370541040842016
cheby1,6,1200,True,2.0373244515099245
ellip,4,500,True,2.0373662906766294
cheby1,8,1500,True,2.038411023510426
ellip,6,900,True,2.0422333031513262
ellip,4,600,True,2.046289893108228
butter,3,1400,False,2.0497735263967867
ellip,6,600,True,2.050599691039071
ellip,4,800,True,2.0519436225008962
cheby1,4,900,True,2.0561997940112695
cheby2,2,3100,False,2.0562882990008915
ellip,8,1000,True,2.0618196905179698
cheby1,8,2900,False,2.061966480585849
ellip,5,1900,False,2.062803515867846
cheby1,6,1300,True,2.062923123748178
cheby1,8,1600,True,2.0638128481851425
ellip,8,2100,False,2.065850219220118
butter,4,1700,False,2.06830388739966
ellip,6,1000,True,2.072019589809751
cheby1,2,300,True,2.0732007953825997
ellip,2,300,True,2.0769255554210244
butter,1,700,False,2.0788974070736925
butter,8,2500,False,2.0814850219463903
ellip,4,900,True,2.0817292263565954
cheby1,4,1000,True,2.082393885040872
cheby1,6,1400,True,2.0836349944502883
cheby1,8,1700,True,2.084391870738409
cheby2,8,2100,False,2.0844900127213717
cheby1,7,2700,False,2.0852244258067802
cheby2,3,2600,False,2.0853775361305775
ellip,8,1100,True,2.085435748960094
ellip,6,1100,True,2.093400635406131
ellip,6,2000,False,2.098615058703943
cheby1,4,1100,True,2.1016288281295816
cheby1,8,1800,True,2.1016558199105466
cheby1,6,1500,True,2.1021405491318177
ellip,4,1000,True,2.1029322153223653
ellip,8,1200,True,2.1030128540323156
cheby1,2,400,True,2.105104057808454
ellip,2,400,True,2.1078057501206153
cheby1,2,500,True,2.1078961289882656
ellip,2,500,True,2.1093685762054086
ellip,6,1200,True,2.1097661924172884
cheby1,2,600,True,2.112756381522302
cheby2,2,1500,True,2.112808771628519
ellip,2,600,True,2.113456797212062
cheby1,4,1200,True,2.117077147190502
cheby1,8,1900,True,2.117162811268247
ellip,8,1300,True,2.1174496505468148
cheby1,6,1600,True,2.1178205918950948
ellip,4,1100,True,2.1185303098646853
ellip,4,1700,False,2.12008095554675
ellip,6,1300,True,2.1233027774336706
ellip,7,2000,False,2.1241454172453276
cheby1,4,1900,False,2.126654310173821
cheby1,2,700,True,2.1266671812648177
ellip,2,700,True,2.1271014037553497
ellip,8,1400,True,2.129627192935477
cheby1,4,1300,True,2.130341292224088
cheby2,7,2100,False,2.1303526313142718
cheby1,6,1700,True,2.130813880583116
cheby1,8,2000,True,2.1311549003450247
ellip,4,1200,True,2.131339319913926
ellip,6,1400,True,2.134804985435767
cheby1,2,800,True,2.1411313003340777
ellip,2,800,True,2.141448526778357
cheby1,3,1400,False,2.1415789486137626
ellip,8,1500,True,2.1417257710229047
cheby1,4,1400,True,2.142264883794974
ellip,4,1300,True,2.1424714654170347
cheby1,6,1800,True,2.142697594528353
cheby1,8,2100,True,2.1440314287061324
ellip,6,1500,True,2.1464610698475175
cheby2,6,400,True,2.1471715008379726
cheby1,6,2500,False,2.150712926434445
ellip,2,800,False,2.1515645391740668
cheby2,5,2200,False,2.1517840980465497
butter,2,1000,False,2.152174715617381
ellip,4,1400,True,2.1525527124042747
ellip,8,1600,True,2.1526971288526697
cheby1,2,900,True,2.153101173523378
cheby1,4,1500,True,2.15322295898062
ellip,2,900,True,2.1533373949295282
cheby1,6,1900,True,2.1538425280975044
cheby1,8,2200,True,2.155605114855627
ellip,6,1600,True,2.1568719893386246
ellip,8,1700,True,2.161667461250849
ellip,4,1500,True,2.1621374614963917
cheby1,4,1600,True,2.1626014102816478
cheby1,2,1000,True,2.162728618772912
ellip,2,1000,True,2.1629030881543567
cheby1,6,2000,True,2.163478353224058
cheby1,2,800,False,2.163802880997185
ellip,6,1700,True,2.1654403884990705
cheby1,8,2300,True,2.1657187636841284
butter,7,2300,False,2.167515655248625
butter,5,1900,False,2.1684705656616403
ellip,8,1800,True,2.1693845938853076
cheby1,5,2200,False,2.1702308013788767
cheby1,4,1700,True,2.1703155203115014
ellip,4,1600,True,2.1703256439982788
cheby1,2,1100,True,2.1706627037168014
ellip,2,1100,True,2.170790654181503
cheby1,6,2100,True,2.172120936185175
ellip,6,1800,True,2.1726980706924817
cheby1,8,2400,True,2.1749853397885963
ellip,4,1700,True,2.1768529171284787
ellip,8,1900,True,2.1771655705308115
cheby1,4,1800,True,2.177251008333411
cheby1,2,1200,True,2.1774029517214832
ellip,2,1200,True,2.17749629116133
ellip,6,1900,True,2.1796326104932477
cheby1,6,2200,True,2.1799863866599867
ellip,4,1800,True,2.1828195602906573
cheby1,2,1300,True,2.1832682734014246
ellip,2,1300,True,2.183335719598146
ellip,8,2000,True,2.1834306265569077
cheby1,4,1900,True,2.183755263711418
ellip,8,2000,False,2.1840870686746965
cheby1,8,2500,True,2.1844751301783245
ellip,6,2000,True,2.185828248053711
cheby1,6,2300,True,2.1869088674235346
cheby1,2,1400,True,2.188457009078845
ellip,2,1400,True,2.1885044294044387
ellip,4,1900,True,2.188559702483194
ellip,8,2100,True,2.1893215201986242
cheby1,4,2000,True,2.1896516297582247
ellip,6,2100,True,2.1915623130935655
cheby1,8,2600,True,2.1921012070496033
cheby1,2,1500,True,2.1931020326273725
ellip,2,1500,True,2.193133349894016
cheby1,6,2400,True,2.193385737146036
cheby2,4,2300,False,2.193625320440729
ellip,4,2000,True,2.193762729866873
ellip,8,2200,True,2.1947690784568734
cheby1,4,2100,True,2.1949617994118067
ellip,6,2200,True,2.1968046559798093
cheby1,2,1600,True,2.197302857084508
ellip,2,1600,True,2.197321090648202
ellip,4,2100,True,2.1984930883831026
butter,6,2100,False,2.1986688510760324
cheby1,8,2700,True,2.1991030946114205
ellip,8,2300,True,2.199691373980922
cheby1,4,2200,True,2.199767783847869
cheby1,6,2500,True,2.2002813272516573
cheby1,2,1700,True,2.2011359753328676
ellip,2,1700,True,2.2011437208980555
ellip,6,2300,True,2.2013464669442566
ellip,4,2200,True,2.202822631355577
ellip,8,300,True,2.203040803702228
cheby2,6,2100,False,2.2031126550537325
cheby1,4,2300,True,2.2041394518362303
ellip,8,2400,True,2.204202401187232
ellip,2,1800,True,2.2046566861278274
cheby1,2,1800,True,2.2046573098652016
cheby1,6,2600,True,2.205257657665016
cheby1,8,2800,True,2.2054110361808577
ellip,6,2400,True,2.2056370955833713
ellip,4,2300,True,2.2066793360395986
ellip,2,1900,True,2.2078999742185377
cheby1,2,1900,True,2.207907387647044
cheby1,4,2400,True,2.208546782491842
ellip,3,1300,False,2.2090861247774765
ellip,8,2500,True,2.209502709518805
cheby1,6,2700,True,2.210167097256186
ellip,4,2400,True,2.210620300523335
ellip,6,2500,True,2.2106352529327458
ellip,2,2000,True,2.210905780736434
cheby1,2,2000,True,2.210918728715736
cheby1,8,2900,True,2.2113312821633344
cheby1,4,2500,True,2.2129551245721357
ellip,8,2600,True,2.213351545960651
ellip,2,2100,True,2.213702552108764
cheby1,2,2100,True,2.2137197842989695
ellip,6,2600,True,2.214383695318536
ellip,4,2500,True,2.214852883896409
cheby1,6,2800,True,2.215154141926227
ellip,2,2200,True,2.216312550878505
cheby1,2,2200,True,2.2163327587655535
cheby1,4,2600,True,2.2163533690158386
cheby1,8,3000,True,2.216734831544462
ellip,8,2700,True,2.2168246713796833
ellip,4,2600,True,2.2178283182149703
ellip,6,2700,True,2.217842040218964
ellip,2,2300,True,2.2187469548605327
cheby1,2,2300,True,2.218769087032099
cheby1,6,2900,True,2.2191331481277006
cheby1,4,2700,True,2.2194339460614976
ellip,8,2800,True,2.2204709361162007
ellip,6,1900,False,2.220526656724461
ellip,4,2700,True,2.2205764243098516
ellip,2,2400,True,2.221006354149015
cheby1,2,2400,True,2.2210299486867906
ellip,6,2800,True,2.221125717733211
cheby1,8,3100,True,2.2218534433510926
cheby1,4,2800,True,2.222542339458269
cheby1,8,2800,False,2.222788971987693
cheby1,6,3000,True,2.222943042455684
ellip,2,2500,True,2.2230891679288245
cheby1,2,2500,True,2.223114259693711
ellip,5,1800,False,2.223377503099021
ellip,8,2900,True,2.2234322077192643
ellip,4,2800,True,2.2234794362802472
ellip,6,2900,True,2.2240028900188578
ellip,2,2600,True,2.2250005855581767
cheby1,2,2600,True,2.225027310123562
cheby1,4,2900,True,2.2252797690820465
ellip,4,2900,True,2.225941753461664
ellip,8,3000,True,2.22614797148511
ellip,6,3000,True,2.226662135337512
cheby1,8,3200,True,2.226674735749756
ellip,2,2700,True,2.2267549509214994
cheby1,2,2700,True,2.2267832854822274
cheby1,6,3100,True,2.226825008731526
cheby1,4,3000,True,2.227917670934439
ellip,4,3000,True,2.2283203154972413
ellip,2,2800,True,2.2283741655653464
cheby1,2,2800,True,2.2284038389543395
ellip,8,3100,True,2.229034617954314
ellip,6,3100,True,2.2294514167598454
ellip,2,2900,True,2.229885358040447
cheby1,2,2900,True,2.2299157871859863
cheby1,6,3200,True,2.2302449781403157
cheby1,4,3100,True,2.230568717000751
ellip,4,3100,True,2.230781901092044
cheby1,8,3300,True,2.2309379672434155
ellip,2,3000,True,2.2313153821541336
cheby1,2,3000,True,2.2313457769372764
ellip,8,3200,True,2.2318544404161904
ellip,6,3200,True,2.2321454841721193
ellip,2,3100,True,2.2326863844423173
cheby1,2,3100,True,2.232715692567972
cheby1,4,3200,True,2.232761859873406
ellip,4,3200,True,2.2327627657490186
cheby1,6,3300,True,2.233542723325615
ellip,2,3200,True,2.234008695162346
cheby1,2,3200,True,2.234034843273991
ellip,8,3300,True,2.2340607057054136
ellip,6,3300,True,2.234342993126176
ellip,4,3300,True,2.234739281773831
cheby1,4,3300,True,2.234900625683989
ellip,2,3300,True,2.2352175975695165
cheby1,2,3300,True,2.2352381185899595
butter,3,1300,False,2.235984644745932
butter,4,1600,False,2.2376270038617587
ellip,4,1600,False,2.250101903278694
cheby1,4,1800,False,2.25110811341605
cheby2,8,2000,False,2.252239489526153
butter,8,2400,False,2.2608931613514267
cheby1,7,2600,False,2.279935288028637
cheby2,3,2500,False,2.2813676013706217
cheby2,2,1400,True,2.2827297938188242
cheby1,6,2400,False,2.288552472490818
ellip,7,1900,False,2.2898455911192306
cheby2,7,2000,False,2.30259328659724
ellip,8,1900,False,2.3167061506686557
cheby2,5,2100,False,2.328566535688896
cheby1,3,1300,False,2.3306170879170582
cheby2,2,3000,False,2.3379544484012067
butter,5,1800,False,2.3409075054978272
cheby1,5,2100,False,2.3411009208132616
butter,7,2200,False,2.3444370636367293
ellip,6,1800,False,2.3574844230894345
cheby2,3,700,True,2.371923160789447
butter,6,2000,False,2.3732418448357198
cheby2,4,2200,False,2.378450386662624
cheby2,6,2000,False,2.3818866942742702
cheby1,7,300,True,2.3900082950434687
cheby1,4,1700,False,2.391373488847505
ellip,2,700,False,2.3947010243239726
cheby1,8,2700,False,2.394755963005406
butter,1,600,False,2.396283934729135
ellip,4,1500,False,2.3986444250784342
ellip,5,1700,False,2.4000103524864973
butter,2,900,False,2.402398695779803
cheby1,2,700,False,2.408871466408811
ellip,3,1200,False,2.4151854587276
butter,4,1500,False,2.4264282936161603
cheby2,8,1900,False,2.4341386740089224
cheby2,2,1300,True,2.4342490938195906
cheby2,4,500,True,2.437054910883733
cheby1,6,2300,False,2.4381651045554817
butter,3,1200,False,2.4501877271671124
butter,8,2300,False,2.450723328131906
ellip,8,1800,False,2.463959382648256
ellip,7,1800,False,2.469889255592585
cheby1,7,2500,False,2.483990248401195
cheby2,3,2400,False,2.4874395727265854
cheby2,7,1900,False,2.488770122154308
ellip,6,1700,False,2.5116797962234885
cheby2,5,2000,False,2.5185165854468274
cheby1,5,2000,False,2.524118861073755
butter,5,1700,False,2.5299991301718276
butter,7,2100,False,2.533280907188636
cheby1,3,1200,False,2.5477490610850624
cheby1,4,1600,False,2.5499925843738636
butter,6,1900,False,2.5619176635495577
cheby2,2,1200,True,2.5672161759502345
ellip,4,1400,False,2.5691190225031764
cheby2,6,1900,False,2.574914317551549
cheby2,4,2100,False,2.5757588308060217
cheby1,8,2600,False,2.5789222770741906
ellip,5,1600,False,2.5951534355274983
cheby1,6,2200,False,2.600728868272485
cheby2,2,2900,False,2.6236036981786346
ellip,8,1700,False,2.6292918184981975
cheby2,5,400,True,2.630593104077258
cheby2,8,1800,False,2.631471141484887
butter,4,1400,False,2.638485794058796
butter,8,2200,False,2.652175253810186
ellip,3,1100,False,2.655072182800512
cheby2,3,600,True,2.660450680566406
ellip,7,1700,False,2.667832910798744
ellip,6,1600,False,2.6847575754703636
cheby2,2,1100,True,2.6868041174632387
cheby2,7,1800,False,2.690777911819585
cheby1,7,2400,False,2.696582066967901
butter,3,1100,False,2.699249486791102
cheby2,3,2300,False,2.7044612420410523
butter,2,800,False,2.7070823517145417
ellip,2,600,False,2.7193917141471475
cheby1,5,1900,False,2.7210865182838586
cheby2,5,1900,False,2.7234356084524545
cheby1,4,1500,False,2.7294722973833285
butter,7,2000,False,2.735774134223942
cheby1,2,600,False,2.7360030554149524
butter,5,1600,False,2.7384926402733485
ellip,4,1300,False,2.7661429020859742
butter,6,1800,False,2.766971174314932
cheby1,8,2500,False,2.7756253260814088
cheby1,6,2100,False,2.776902856515364
cheby2,6,1800,False,2.7844434357164713
cheby2,4,2000,False,2.7871819951922765
cheby1,3,1100,False,2.8002220407930793
cheby2,4,400,True,2.8006069459436387
cheby2,2,1000,True,2.8065041325549047
cheby2,8,300,True,2.8065097549471383
ellip,5,1500,False,2.8109741206696333
ellip,8,1600,False,2.81420980148782
cheby2,7,300,True,2.82171473606132
cheby2,3,500,True,2.82374545924268
butter,1,500,False,2.8247580095299307
cheby2,6,300,True,2.837624639694165
cheby2,8,1700,False,2.8469752003385764
cheby2,5,300,True,2.8591753893314356
butter,8,2100,False,2.8667396396079297
butter,4,1300,False,2.8786676412824606
ellip,6,1500,False,2.879298351445346
ellip,7,1600,False,2.88498091954107
cheby2,7,1700,False,2.9114570342757893
cheby2,2,2800,False,2.9132563912383063
cheby1,7,2300,False,2.9207411062112225
cheby2,4,300,True,2.926072106117674
cheby2,3,2200,False,2.933274028021437
cheby1,4,1400,False,2.9333675504218473
cheby1,5,1800,False,2.9345983175586374
ellip,3,1000,False,2.939018309682954
cheby2,5,1800,False,2.9454880114234343
cheby2,3,400,True,2.9535861614593157
butter,7,1900,False,2.954025699112174
cheby2,2,900,True,2.957225677927978
cheby1,6,2000,False,2.968410275410101
butter,5,1500,False,2.969799233949787
cheby1,8,2400,False,2.98362414202335
butter,6,1700,False,2.9909614392457935
butter,3,1000,False,2.9922042311645543
ellip,4,1200,False,2.9947707599245588
cheby2,6,1700,False,3.0130425727416643
cheby2,4,1900,False,3.0147865392457582
ellip,8,1500,False,3.0213836769731928
ellip,5,1400,False,3.0526136017484453
cheby2,8,1600,False,3.083970490252407
butter,2,700,False,3.0865093505413723
butter,8,2000,False,3.0963003320133327
cheby1,3,1000,False,3.0986794062382828
ellip,6,1400,False,3.0992853367045896
ellip,7,1500,False,3.125323660893809
butter,4,1200,False,3.1533691618002537
cheby2,7,1600,False,3.153887901415868
cheby1,7,2200,False,3.1578441462615916
ellip,2,500,False,3.1646887611940526
cheby1,4,1300,False,3.166490412243802
cheby1,5,1700,False,3.1676605414155823
cheby2,3,2100,False,3.1745533775528982
cheby1,6,1900,False,3.1768401091866996
cheby1,2,500,False,3.1848899337605268
cheby2,5,1700,False,3.1874717819509524
butter,7,1800,False,3.1904385584892196
cheby1,8,2300,False,3.20639573152671
cheby2,2,2700,False,3.208039594849999
cheby2,2,800,True,3.2121681785204115
butter,5,1400,False,3.2282887455624794
butter,6,1600,False,3.2368856178434164
ellip,8,1400,False,3.2549093852633244
cheby2,4,1800,False,3.261038720765669
ellip,4,1100,False,3.261860390236747
cheby2,6,1600,False,3.263862495492786
ellip,3,900,False,3.283021543463076
ellip,5,1300,False,3.3262863032830867
cheby2,3,300,True,3.333586948292492
butter,3,900,False,3.3407001941805246
butter,8,1900,False,3.343035058746384
cheby2,8,1500,False,3.34616571092901
ellip,6,1300,False,3.350247755713783
ellip,7,1400,False,3.393999647464945
cheby1,6,1800,False,3.403992878626289
cheby1,7,2100,False,3.409342677856859
cheby2,7,1500,False,3.4218758960308335
cheby1,5,1600,False,3.4235891266509775
cheby2,3,2000,False,3.4288135179136106
cheby1,4,1200,False,3.4347957707784835
butter,1,400,False,3.438295278080858
cheby1,8,2200,False,3.4439761751406697
butter,7,1700,False,3.447730845568182
cheby2,5,1600,False,3.45309197494869
cheby1,3,900,False,3.4591371724102356
butter,4,1100,False,3.471106806396856
butter,6,1500,False,3.5085492889587107
cheby2,2,2600,False,3.5099003231824066
butter,5,1300,False,3.519586534970156
ellip,8,1300,False,3.5204618459555914
cheby2,4,1700,False,3.5285118384190883
cheby2,6,1500,False,3.5412197035430295
butter,2,600,False,3.575294297190989
ellip,4,1000,False,3.579514358056456
butter,8,1800,False,3.6093980270430053
ellip,6,1200,False,3.6383672001088647
cheby2,8,1400,False,3.638444031254976
ellip,5,1200,False,3.6393647090279755
cheby1,6,1700,False,3.65261942741432
cheby1,7,2000,False,3.6775376290888184
cheby2,3,1900,False,3.696722998991578
cheby1,8,2100,False,3.6974320490380657
ellip,7,1300,False,3.69839057896074
cheby1,5,1500,False,3.7059983171099478
ellip,3,800,False,3.7087309869968275
cheby2,7,1400,False,3.720794203003061
butter,7,1600,False,3.7291649582551414
cheby2,2,700,True,3.7444145029947618
cheby1,4,1100,False,3.7468192467296957
cheby2,5,1500,False,3.746837128443968
butter,3,800,False,3.759804468202197
butter,6,1400,False,3.8108765523842827
cheby2,4,1600,False,3.819336334656363
cheby2,2,2500,False,3.8210872331396852
ellip,8,1200,False,3.8255937215297013
ellip,2,400,False,3.8326331535163276
butter,4,1000,False,3.843018142600781
cheby2,6,1400,False,3.8508662557104314
butter,5,1200,False,3.851067332284826
cheby1,2,400,False,3.858019555860621
butter,8,1700,False,3.8983170180992825
cheby1,3,800,False,3.902704457278515
cheby1,6,1600,False,3.9260044222190706
cheby1,7,1900,False,3.964884854894427
ellip,4,900,False,3.967612911274561
cheby2,8,1300,False,3.967922690097651
cheby1,8,2000,False,3.9682984735010547
ellip,6,1100,False,3.9752929297297808
cheby2,3,1800,False,3.979854397663963
ellip,5,1100,False,4.001742047547897
cheby1,5,1400,False,4.020476572556423
butter,7,1500,False,4.038952913902289
ellip,7,1200,False,4.04556162085494
cheby2,7,1300,False,4.057794165397538
cheby2,5,1400,False,4.073185842322617
cheby1,4,1000,False,4.116483423252056
cheby2,4,1500,False,4.134656489116833
cheby2,2,2400,False,4.143650920368867
butter,6,1300,False,4.150155359481299
ellip,8,1100,False,4.183565906900413
cheby2,6,1300,False,4.19914413823139
butter,8,1600,False,4.213373442669769
cheby1,6,1500,False,4.228233971943053
ellip,3,700,False,4.232515892182583
butter,5,1100,False,4.232544464891492
butter,2,500,False,4.236374032331965
cheby1,8,1900,False,4.258699685872715
butter,3,700,False,4.272371077920341
cheby1,7,1800,False,4.273695068457587
cheby2,3,1700,False,4.2817997054016885
butter,4,900,False,4.282737953325598
cheby2,8,1200,False,4.342745859860785
cheby1,5,1300,False,4.373746274310707
ellip,6,1000,False,4.376700733617274
butter,7,1400,False,4.382520746748848
butter,1,300,False,4.40003787272822
ellip,5,1000,False,4.425530729353024
cheby2,5,1300,False,4.435018859816581
cheby2,7,1200,False,4.440256871688234
ellip,7,1100,False,4.445848954926131
cheby1,3,700,False,4.446703114763002
ellip,4,800,False,4.452373587563325
cheby2,4,1400,False,4.474935793360108
cheby2,2,2300,False,4.479154569974291
butter,6,1200,False,4.5345746661734285
butter,8,1500,False,4.559169356306335
cheby1,4,900,False,4.564923279065534
cheby1,6,1400,False,4.565458461360966
cheby1,8,1800,False,4.571845010655982
cheby2,6,1200,False,4.591259882983695
ellip,8,1000,False,4.60730154927616
cheby1,7,1700,False,4.60796435071457
cheby2,3,1600,False,4.609132363263998
butter,5,1000,False,4.6766610179836565
butter,7,1300,False,4.7667320434109435
cheby2,8,1100,False,4.770641567885021
cheby1,5,1200,False,4.77324671682134
butter,4,800,False,4.80600318787905
cheby2,2,2200,False,4.828643760313806
cheby2,5,1200,False,4.832134162477924
cheby2,4,1300,False,4.842630293816598
ellip,3,600,False,4.84880477803523
ellip,6,900,False,4.8576823418820645
cheby2,7,1100,False,4.873789031282976
ellip,7,1000,False,4.905472878520799
cheby1,8,1700,False,4.9122133538067025
cheby2,2,600,True,4.916629109213442
ellip,5,900,False,4.920368652391668
butter,3,600,False,4.926278260961087
butter,8,1400,False,4.941543246431723
cheby1,6,1300,False,4.9463317657994565
ellip,2,300,False,4.9509211943039775
cheby2,3,1500,False,4.97129711946359
cheby1,7,1600,False,4.971342039374605
butter,6,1100,False,4.974901314045637
cheby1,2,300,False,4.982046521716312
cheby2,6,1100,False,5.027368862775376
ellip,4,700,False,5.041052512852566
cheby1,3,600,False,5.096273721636367
ellip,8,900,False,5.106329245614579
cheby1,4,800,False,5.1166611290803585
butter,2,400,False,5.181898233409275
cheby2,2,2100,False,5.19284460040967
butter,5,900,False,5.1983290604259516
butter,7,1200,False,5.200461139790646
cheby1,5,1100,False,5.228001301441884
cheby2,4,1200,False,5.249706779805189
cheby2,8,1000,False,5.2537604492642815
cheby2,5,1100,False,5.264080362677542
cheby2,1,3300,True,5.278842016510724
cheby1,8,1600,False,5.284956772084135
cheby2,7,1000,False,5.355721992151032
cheby1,7,1500,False,5.367820591730039
butter,8,1300,False,5.36788716626163
cheby2,3,1400,False,5.379105542097991
cheby1,6,1200,False,5.380900891398765
ellip,6,800,False,5.416152405257189
ellip,7,900,False,5.432146841251253
butter,4,700,False,5.436821780181902
butter,6,1000,False,5.484667214977713
ellip,5,800,False,5.495143507556007
cheby2,6,1000,False,5.505892698111112
cheby2,2,2000,False,5.572564558993158
ellip,3,500,False,5.660036682280222
ellip,8,800,False,5.665084101741842
ellip,4,600,False,5.6733870111846665
cheby1,8,1500,False,5.695033943545174
butter,7,1100,False,5.695124175358367
cheby2,4,1100,False,5.725886384177259
cheby2,5,1000,False,5.745565817006213
cheby1,5,1000,False,5.7498228026932905
cheby1,4,700,False,5.780951379551395
cheby2,8,900,False,5.79137744009758
cheby1,7,1400,False,5.802083826148226
butter,5,800,False,5.8142850235214985
butter,3,500,False,5.825505567064219
cheby2,3,1300,False,5.842800293780227
butter,8,1200,False,5.847653986544471
cheby1,6,1100,False,5.880165405150008
cheby2,7,900,False,5.889266998249451
cheby1,3,500,False,5.958973879873577
cheby2,2,1900,False,5.969294990036459
ellip,7,800,False,6.03065803440345
cheby2,6,900,False,6.0356464795611915
ellip,6,700,False,6.038577566570852
butter,6,900,False,6.079822271856248
cheby1,8,1400,False,6.148901605196601
ellip,5,700,False,6.183185058487197
butter,4,600,False,6.2428290582877555
butter,7,1000,False,6.264873034023503
cheby1,7,1300,False,6.282127445624567
ellip,8,700,False,6.291800807391763
cheby2,4,1000,False,6.308379820999915
cheby2,5,900,False,6.35049269366119
cheby1,5,900,False,6.358068700952128
cheby2,3,1200,False,6.370611646647819
cheby2,8,800,False,6.385430445460735
cheby2,2,1800,False,6.385996632437818
butter,8,1100,False,6.392734987710969
cheby1,6,1000,False,6.452826865050275
cheby2,7,800,False,6.516084401540934
cheby2,1,3200,True,6.520168942400348
cheby1,4,600,False,6.544570688043579
butter,5,700,False,6.55413759533888
butter,2,300,False,6.615371064183869
cheby1,8,1300,False,6.65226706278129
ellip,4,500,False,6.692050796540085
ellip,7,700,False,6.746089916129994
cheby2,6,800,False,6.748202066174743
butter,6,800,False,6.780452354176258
cheby1,7,1200,False,6.819185984107474
cheby2,2,1700,False,6.827980981558139
butter,7,900,False,6.927561943153855
ellip,6,600,False,6.933244387955105
cheby2,3,1100,False,6.967204323814405
ellip,3,400,False,6.979988568785945
butter,8,1000,False,7.018297087209833
cheby2,4,900,False,7.024223224435402
ellip,5,600,False,7.039354723775595
cheby1,5,800,False,7.0868994396093035
cheby1,6,900,False,7.106865099045289
butter,3,400,False,7.132347069089987
cheby2,5,800,False,7.148509235607853
cheby1,8,1200,False,7.209090723588438
cheby2,8,700,False,7.290566722549243
cheby2,2,500,True,7.29377280990365
ellip,8,600,False,7.302128850103786
cheby2,2,1600,False,7.303734319727602
cheby1,3,400,False,7.333770516130683
butter,4,500,False,7.377134986186131
cheby1,7,1100,False,7.431312261263801
cheby2,7,700,False,7.4578892464054345
butter,5,600,False,7.516415145449819
butter,6,700,False,7.629629324716383
cheby2,3,1000,False,7.631275370991198
cheby1,4,500,False,7.6764470546904855
butter,7,800,False,7.710563681920203
cheby2,6,700,False,7.719098377401793
butter,8,900,False,7.745992608789635
cheby2,1,3100,True,7.768134207851099
cheby2,2,1500,False,7.825547332813829
cheby1,8,1100,False,7.827495901296442
ellip,7,600,False,7.84513017026226
cheby1,6,800,False,7.866965802639527
cheby2,4,800,False,7.891305961332769
cheby1,5,700,False,7.989316674455221
cheby1,7,1000,False,8.143406752951819
cheby2,5,700,False,8.155919780917616
ellip,4,400,False,8.183994507783932
ellip,6,500,False,8.190357979392777
cheby2,3,900,False,8.358691173807077
cheby2,2,1400,False,8.40994920050566
ellip,5,500,False,8.427243984016613
cheby2,8,600,False,8.473513198985009
cheby1,8,1000,False,8.532598991923555
ellip,8,500,False,8.606949774735972
butter,8,800,False,8.614280324543337
cheby2,7,600,False,8.657500962721235
butter,7,700,False,8.676452738172758
butter,6,600,False,8.759702749383289
cheby1,6,700,False,8.82431055572176
butter,5,500,False,8.882036126870405
cheby2,4,700,False,8.9084520609869
cheby2,6,600,False,8.9389375882697
cheby2,1,3000,True,8.977599375610769
cheby1,7,900,False,8.986744295172668
butter,3,300,False,9.005666159688065
butter,4,400,False,9.01464756255547
cheby2,2,1300,False,9.078145971115054
ellip,3,300,False,9.121068993722222
cheby1,5,600,False,9.157158560471704
cheby2,3,800,False,9.172559686953813
ellip,7,500,False,9.339838299878787
cheby1,4,400,False,9.35260866355858
cheby1,8,900,False,9.376747163837326
cheby2,5,600,False,9.398380974588422
cheby1,3,300,False,9.51938946371321
butter,8,700,False,9.704647796979092
cheby2,2,1200,False,9.856812964191954
cheby2,1,3300,False,9.860430691673931
ellip,6,400,False,9.971407476317673
butter,7,600,False,9.976092397571827
cheby2,8,500,False,9.97754875663594
cheby2,4,600,False,9.996594760803923
cheby1,7,800,False,10.007598599244146
cheby2,1,2900,True,10.119517612318724
cheby1,6,600,False,10.13939957683959
cheby2,7,500,False,10.17943976740326
cheby2,3,700,False,10.181748476030439
ellip,5,400,False,10.273374777361456
butter,6,500,False,10.32939632186529
cheby1,8,800,False,10.435803653853394
ellip,4,300,False,10.442210206562168
cheby2,6,500,False,10.461418438944516
ellip,8,400,False,10.461815137272458
cheby2,5,500,False,10.738852121718494
cheby2,2,1100,False,10.779595441324751
butter,5,400,False,10.784274337379276
cheby1,5,500,False,10.804973015963597
cheby2,1,3200,False,11.123692878537174
butter,8,600,False,11.154916559517515
cheby2,1,2800,True,11.177977203679907
ellip,7,400,False,11.205601236615587
butter,4,300,False,11.230513206710754
cheby2,2,400,True,11.25342091590555
cheby1,7,700,False,11.289750934836606
cheby2,4,500,False,11.316426811333862
cheby2,3,600,False,11.597712719710058
ellip,6,300,False,11.66273809942887
butter,7,500,False,11.70265021787454
cheby2,8,400,False,11.73549439589758
cheby2,7,400,False,11.736493587834627
cheby1,8,700,False,11.805547879918635
cheby2,6,400,False,11.85332244381402
cheby1,4,300,False,11.88155616427156
cheby2,2,1000,False,11.889470449983593
cheby1,6,500,False,11.891734993452594
cheby2,1,2700,True,12.146513936020982
cheby2,1,3100,False,12.24106530986126
ellip,5,300,False,12.284104229470532
cheby2,5,400,False,12.415282172319095
butter,6,400,False,12.429154524661625
ellip,8,300,False,12.694264596132493
cheby1,7,600,False,12.84733252545744
cheby1,5,400,False,12.852941368458993
butter,8,500,False,12.995128187153815
cheby2,1,2600,True,13.024917691692377
ellip,7,300,False,13.101849977793359
cheby2,1,3000,False,13.222050365300872
cheby2,2,900,False,13.241514233312964
butter,5,300,False,13.278700631032837
cheby1,8,600,False,13.466591467186634
cheby2,4,400,False,13.708351206649198
cheby2,3,500,False,13.713241684515626
cheby2,1,2500,True,13.81680636325773
butter,7,400,False,13.963503443523985
cheby2,1,2900,False,14.07910978149532
cheby1,6,400,False,14.279375817532518
cheby2,8,300,False,14.519087868222366
cheby2,1,2400,True,14.527914937467086
cheby1,7,500,False,14.691648543265105
cheby2,1,2800,False,14.825854323086128
cheby2,7,300,False,14.846151804774303
cheby2,2,800,False,14.903722663564261
cheby2,1,2300,True,15.164953572098796
butter,6,300,False,15.243508288672013
cheby2,6,300,False,15.362504896115762
butter,8,400,False,15.421916395805393
cheby2,1,2700,False,15.47579113515609
cheby1,5,300,False,15.550100284675887
cheby1,8,500,False,15.650380309267227
cheby2,1,2200,True,15.734882744242752
cheby2,2,300,True,15.880324262666122
cheby2,1,2600,False,16.041578452117886
cheby2,1,2100,True,16.24447822056194
cheby2,5,300,False,16.248241021302892
cheby2,1,2500,False,16.534653384405154
cheby2,1,2000,True,16.700089406505256
cheby2,2,700,False,16.947309639507598
cheby2,1,2400,False,16.965104126086544
cheby2,3,400,False,17.01055990266461
cheby2,1,1900,True,17.107522191879955
cheby1,7,400,False,17.212120267287307
butter,7,300,False,17.23633976405257
cheby2,1,2300,False,17.34168787311157
cheby2,1,1800,True,17.471999049772
cheby2,1,2200,False,17.671926658612048
cheby2,1,1700,True,17.798164979067487
cheby2,1,2100,False,17.962237974542823
cheby2,4,300,False,18.013421909432147
cheby2,1,1600,True,18.090118964134142
cheby1,6,300,False,18.139960275756778
cheby2,1,2000,False,18.21807453478221
cheby2,1,1500,True,18.35145815064543
cheby2,1,1900,False,18.44405905674256
cheby2,1,1400,True,18.585326932170126
cheby2,1,1800,False,18.644107120311315
cheby2,1,1300,True,18.794466401165963
cheby2,1,1700,False,18.82153541691617
cheby2,1,1600,False,18.97915508075821
cheby2,1,1200,True,18.981261720948808
cheby1,8,400,False,18.989477872511483
cheby2,1,1500,False,19.119351022567955
cheby2,1,1100,True,19.147786348238704
cheby2,1,1400,False,19.244148736474493
cheby2,1,1000,True,19.295843033389197
butter,8,300,False,19.318313925359057
cheby2,1,1300,False,19.35527022172408
cheby2,2,600,False,19.398994519018306
cheby2,1,900,True,19.42700256012173
cheby2,1,1200,False,19.454180639653877
cheby2,1,1100,False,19.542127232576775
cheby2,1,800,True,19.542642966764493
cheby2,1,1000,False,19.620171952930203
cheby2,1,700,True,19.643995935914386
cheby2,1,900,False,19.689219270364923
cheby2,1,600,True,19.732215718932302
cheby2,1,800,False,19.750040832882554
cheby2,1,700,False,19.803299129605282
cheby2,1,500,True,19.80850188213598
cheby2,1,600,False,19.849572901888166
cheby2,1,400,True,19.874321678610556
cheby2,1,500,False,19.889386637046904
cheby2,1,400,False,19.923240042412953
cheby2,1,300,True,19.931733657086458
cheby2,1,300,False,19.95160257881898
cheby1,7,300,False,21.657657303513417
cheby2,2,500,False,22.08584271747872
cheby2,3,300,False,22.476390901501055
cheby2,2,400,False,24.313219781356125
cheby2,2,300,False,24.82193864112543
cheby1,8,300,False,25.38138756006739
